id,y_pred,parameters
7000,3,12345.0
7001,1,12345.0
7002,1,12345.0
7003,1,12345.0
7004,3,12345.0
7005,2,12345.0
7006,0,12345.0
7007,0,12345.0
7008,3,12345.0
7009,3,12345.0
7010,0,12345.0
7011,3,12345.0
7012,0,12345.0
7013,3,12345.0
7014,3,12345.0
7015,2,12345.0
7016,0,12345.0
7017,3,12345.0
7018,0,12345.0
7019,3,12345.0
7020,0,12345.0
7021,1,12345.0
7022,2,12345.0
7023,0,12345.0
7024,1,12345.0
7025,3,12345.0
7026,0,12345.0
7027,0,12345.0
7028,3,12345.0
7029,0,12345.0
7030,3,12345.0
7031,2,12345.0
7032,1,12345.0
7033,1,12345.0
7034,0,12345.0
7035,3,12345.0
7036,2,12345.0
7037,2,12345.0
7038,0,12345.0
7039,1,12345.0
7040,1,12345.0
7041,3,12345.0
7042,0,12345.0
7043,0,12345.0
7044,0,12345.0
7045,1,12345.0
7046,0,12345.0
7047,3,12345.0
7048,3,12345.0
7049,2,12345.0
7050,3,12345.0
7051,2,12345.0
7052,2,12345.0
7053,1,12345.0
7054,3,12345.0
7055,3,12345.0
7056,3,12345.0
7057,0,12345.0
7058,1,12345.0
7059,2,12345.0
7060,1,12345.0
7061,3,12345.0
7062,1,12345.0
7063,2,12345.0
7064,0,12345.0
7065,3,12345.0
7066,1,12345.0
7067,1,12345.0
7068,0,12345.0
7069,1,12345.0
7070,1,12345.0
7071,0,12345.0
7072,0,12345.0
7073,2,12345.0
7074,0,12345.0
7075,0,12345.0
7076,3,12345.0
7077,3,12345.0
7078,1,12345.0
7079,0,12345.0
7080,2,12345.0
7081,0,12345.0
7082,0,12345.0
7083,2,12345.0
7084,1,12345.0
7085,0,12345.0
7086,0,12345.0
7087,3,12345.0
7088,2,12345.0
7089,1,12345.0
7090,3,12345.0
7091,3,12345.0
7092,1,12345.0
7093,3,12345.0
7094,0,12345.0
7095,2,12345.0
7096,2,12345.0
7097,1,12345.0
7098,2,12345.0
7099,0,12345.0
7100,2,12345.0
7101,1,12345.0
7102,1,12345.0
7103,1,12345.0
7104,2,12345.0
7105,0,12345.0
7106,0,12345.0
7107,1,12345.0
7108,1,12345.0
7109,2,12345.0
7110,1,12345.0
7111,2,12345.0
7112,1,12345.0
7113,1,12345.0
7114,2,12345.0
7115,3,12345.0
7116,0,12345.0
7117,1,12345.0
7118,3,12345.0
7119,0,12345.0
7120,1,12345.0
7121,2,12345.0
7122,3,12345.0
7123,1,12345.0
7124,3,12345.0
7125,3,12345.0
7126,0,12345.0
7127,3,12345.0
7128,2,12345.0
7129,0,12345.0
7130,1,12345.0
7131,0,12345.0
7132,0,12345.0
7133,3,12345.0
7134,3,12345.0
7135,1,12345.0
7136,2,12345.0
7137,2,12345.0
7138,0,12345.0
7139,1,12345.0
7140,0,12345.0
7141,1,12345.0
7142,2,12345.0
7143,0,12345.0
7144,0,12345.0
7145,1,12345.0
7146,2,12345.0
7147,0,12345.0
7148,1,12345.0
7149,3,12345.0
7150,1,12345.0
7151,2,12345.0
7152,3,12345.0
7153,2,12345.0
7154,2,12345.0
7155,2,12345.0
7156,1,12345.0
7157,0,12345.0
7158,0,12345.0
7159,3,12345.0
7160,2,12345.0
7161,1,12345.0
7162,1,12345.0
7163,2,12345.0
7164,2,12345.0
7165,0,12345.0
7166,1,12345.0
7167,0,12345.0
7168,1,12345.0
7169,3,12345.0
7170,1,12345.0
7171,2,12345.0
7172,3,12345.0
7173,3,12345.0
7174,0,12345.0
7175,2,12345.0
7176,0,12345.0
7177,3,12345.0
7178,1,12345.0
7179,2,12345.0
7180,3,12345.0
7181,1,12345.0
7182,2,12345.0
7183,1,12345.0
7184,1,12345.0
7185,2,12345.0
7186,1,12345.0
7187,1,12345.0
7188,3,12345.0
7189,0,12345.0
7190,3,12345.0
7191,1,12345.0
7192,1,12345.0
7193,3,12345.0
7194,0,12345.0
7195,2,12345.0
7196,2,12345.0
7197,3,12345.0
7198,1,12345.0
7199,3,12345.0
7200,1,12345.0
7201,0,12345.0
7202,2,12345.0
7203,1,12345.0
7204,2,12345.0
7205,2,12345.0
7206,2,12345.0
7207,2,12345.0
7208,2,12345.0
7209,1,12345.0
7210,1,12345.0
7211,3,12345.0
7212,0,12345.0
7213,1,12345.0
7214,3,12345.0
7215,3,12345.0
7216,2,12345.0
7217,0,12345.0
7218,3,12345.0
7219,3,12345.0
7220,2,12345.0
7221,0,12345.0
7222,3,12345.0
7223,3,12345.0
7224,0,12345.0
7225,2,12345.0
7226,3,12345.0
7227,3,12345.0
7228,0,12345.0
7229,0,12345.0
7230,0,12345.0
7231,2,12345.0
7232,0,12345.0
7233,3,12345.0
7234,1,12345.0
7235,0,12345.0
7236,0,12345.0
7237,3,12345.0
7238,3,12345.0
7239,0,12345.0
7240,2,12345.0
7241,2,12345.0
7242,2,12345.0
7243,3,12345.0
7244,2,12345.0
7245,0,12345.0
7246,0,12345.0
7247,2,12345.0
7248,2,12345.0
7249,1,12345.0
7250,0,12345.0
7251,3,12345.0
7252,0,12345.0
7253,2,12345.0
7254,1,12345.0
7255,2,12345.0
7256,1,12345.0
7257,0,12345.0
7258,0,12345.0
7259,3,12345.0
7260,3,12345.0
7261,3,12345.0
7262,0,12345.0
7263,2,12345.0
7264,3,12345.0
7265,2,12345.0
7266,2,12345.0
7267,2,12345.0
7268,2,12345.0
7269,0,12345.0
7270,3,12345.0
7271,0,12345.0
7272,3,12345.0
7273,2,12345.0
7274,3,12345.0
7275,2,12345.0
7276,0,12345.0
7277,0,12345.0
7278,2,12345.0
7279,3,12345.0
7280,3,12345.0
7281,2,12345.0
7282,2,12345.0
7283,1,12345.0
7284,2,12345.0
7285,0,12345.0
7286,0,12345.0
7287,3,12345.0
7288,0,12345.0
7289,2,12345.0
7290,2,12345.0
7291,1,12345.0
7292,3,12345.0
7293,0,12345.0
7294,2,12345.0
7295,2,12345.0
7296,3,12345.0
7297,3,12345.0
7298,1,12345.0
7299,2,12345.0
7300,1,12345.0
7301,0,12345.0
7302,3,12345.0
7303,1,12345.0
7304,0,12345.0
7305,3,12345.0
7306,3,12345.0
7307,3,12345.0
7308,0,12345.0
7309,0,12345.0
7310,2,12345.0
7311,2,12345.0
7312,2,12345.0
7313,3,12345.0
7314,1,12345.0
7315,3,12345.0
7316,0,12345.0
7317,2,12345.0
7318,1,12345.0
7319,0,12345.0
7320,2,12345.0
7321,1,12345.0
7322,2,12345.0
7323,0,12345.0
7324,0,12345.0
7325,1,12345.0
7326,2,12345.0
7327,3,12345.0
7328,0,12345.0
7329,1,12345.0
7330,2,12345.0
7331,0,12345.0
7332,1,12345.0
7333,2,12345.0
7334,3,12345.0
7335,1,12345.0
7336,3,12345.0
7337,0,12345.0
7338,3,12345.0
7339,3,12345.0
7340,3,12345.0
7341,0,12345.0
7342,1,12345.0
7343,3,12345.0
7344,2,12345.0
7345,2,12345.0
7346,0,12345.0
7347,2,12345.0
7348,3,12345.0
7349,2,12345.0
7350,2,12345.0
7351,3,12345.0
7352,3,12345.0
7353,3,12345.0
7354,2,12345.0
7355,2,12345.0
7356,3,12345.0
7357,2,12345.0
7358,1,12345.0
7359,1,12345.0
7360,0,12345.0
7361,1,12345.0
7362,0,12345.0
7363,0,12345.0
7364,0,12345.0
7365,1,12345.0
7366,1,12345.0
7367,2,12345.0
7368,3,12345.0
7369,1,12345.0
7370,1,12345.0
7371,0,12345.0
7372,0,12345.0
7373,2,12345.0
7374,0,12345.0
7375,3,12345.0
7376,2,12345.0
7377,2,12345.0
7378,2,12345.0
7379,1,12345.0
7380,1,12345.0
7381,3,12345.0
7382,1,12345.0
7383,0,12345.0
7384,2,12345.0
7385,3,12345.0
7386,3,12345.0
7387,0,12345.0
7388,1,12345.0
7389,2,12345.0
7390,0,12345.0
7391,0,12345.0
7392,3,12345.0
7393,0,12345.0
7394,1,12345.0
7395,1,12345.0
7396,0,12345.0
7397,0,12345.0
7398,1,12345.0
7399,3,12345.0
7400,3,12345.0
7401,0,12345.0
7402,1,12345.0
7403,1,12345.0
7404,0,12345.0
7405,0,12345.0
7406,2,12345.0
7407,3,12345.0
7408,2,12345.0
7409,3,12345.0
7410,0,12345.0
7411,1,12345.0
7412,3,12345.0
7413,2,12345.0
7414,3,12345.0
7415,1,12345.0
7416,0,12345.0
7417,3,12345.0
7418,2,12345.0
7419,0,12345.0
7420,2,12345.0
7421,2,12345.0
7422,0,12345.0
7423,2,12345.0
7424,3,12345.0
7425,3,12345.0
7426,0,12345.0
7427,2,12345.0
7428,2,12345.0
7429,1,12345.0
7430,3,12345.0
7431,1,12345.0
7432,2,12345.0
7433,2,12345.0
7434,3,12345.0
7435,1,12345.0
7436,1,12345.0
7437,1,12345.0
7438,3,12345.0
7439,0,12345.0
7440,1,12345.0
7441,0,12345.0
7442,2,12345.0
7443,0,12345.0
7444,0,12345.0
7445,0,12345.0
7446,1,12345.0
7447,2,12345.0
7448,0,12345.0
7449,2,12345.0
7450,0,12345.0
7451,2,12345.0
7452,1,12345.0
7453,3,12345.0
7454,2,12345.0
7455,1,12345.0
7456,1,12345.0
7457,3,12345.0
7458,0,12345.0
7459,0,12345.0
7460,2,12345.0
7461,0,12345.0
7462,2,12345.0
7463,3,12345.0
7464,1,12345.0
7465,0,12345.0
7466,1,12345.0
7467,1,12345.0
7468,1,12345.0
7469,3,12345.0
7470,3,12345.0
7471,3,12345.0
7472,0,12345.0
7473,3,12345.0
7474,1,12345.0
7475,2,12345.0
7476,0,12345.0
7477,2,12345.0
7478,2,12345.0
7479,0,12345.0
7480,0,12345.0
7481,2,12345.0
7482,0,12345.0
7483,1,12345.0
7484,2,12345.0
7485,0,12345.0
7486,0,12345.0
7487,3,12345.0
7488,3,12345.0
7489,3,12345.0
7490,3,12345.0
7491,3,12345.0
7492,1,12345.0
7493,3,12345.0
7494,3,12345.0
7495,2,12345.0
7496,3,12345.0
7497,3,12345.0
7498,1,12345.0
7499,1,12345.0
7500,2,12345.0
7501,2,12345.0
7502,1,12345.0
7503,2,12345.0
7504,3,12345.0
7505,2,12345.0
7506,1,12345.0
7507,2,12345.0
7508,3,12345.0
7509,3,12345.0
7510,2,12345.0
7511,1,12345.0
7512,2,12345.0
7513,0,12345.0
7514,1,12345.0
7515,1,12345.0
7516,0,12345.0
7517,2,12345.0
7518,0,12345.0
7519,1,12345.0
7520,1,12345.0
7521,0,12345.0
7522,0,12345.0
7523,0,12345.0
7524,0,12345.0
7525,3,12345.0
7526,3,12345.0
7527,1,12345.0
7528,2,12345.0
7529,2,12345.0
7530,0,12345.0
7531,2,12345.0
7532,2,12345.0
7533,2,12345.0
7534,3,12345.0
7535,3,12345.0
7536,1,12345.0
7537,0,12345.0
7538,1,12345.0
7539,3,12345.0
7540,2,12345.0
7541,0,12345.0
7542,0,12345.0
7543,3,12345.0
7544,2,12345.0
7545,1,12345.0
7546,3,12345.0
7547,3,12345.0
7548,1,12345.0
7549,3,12345.0
7550,1,12345.0
7551,0,12345.0
7552,0,12345.0
7553,2,12345.0
7554,0,12345.0
7555,2,12345.0
7556,1,12345.0
7557,1,12345.0
7558,0,12345.0
7559,1,12345.0
7560,0,12345.0
7561,2,12345.0
7562,1,12345.0
7563,0,12345.0
7564,3,12345.0
7565,2,12345.0
7566,0,12345.0
7567,1,12345.0
7568,0,12345.0
7569,2,12345.0
7570,2,12345.0
7571,3,12345.0
7572,2,12345.0
7573,0,12345.0
7574,0,12345.0
7575,3,12345.0
7576,1,12345.0
7577,3,12345.0
7578,3,12345.0
7579,0,12345.0
7580,1,12345.0
7581,3,12345.0
7582,3,12345.0
7583,2,12345.0
7584,2,12345.0
7585,3,12345.0
7586,2,12345.0
7587,1,12345.0
7588,1,12345.0
7589,2,12345.0
7590,0,12345.0
7591,0,12345.0
7592,3,12345.0
7593,0,12345.0
7594,1,12345.0
7595,2,12345.0
7596,0,12345.0
7597,0,12345.0
7598,3,12345.0
7599,1,12345.0
7600,1,12345.0
7601,0,12345.0
7602,0,12345.0
7603,0,12345.0
7604,3,12345.0
7605,2,12345.0
7606,0,12345.0
7607,2,12345.0
7608,3,12345.0
7609,0,12345.0
7610,0,12345.0
7611,1,12345.0
7612,2,12345.0
7613,3,12345.0
7614,3,12345.0
7615,1,12345.0
7616,3,12345.0
7617,2,12345.0
7618,2,12345.0
7619,0,12345.0
7620,0,12345.0
7621,0,12345.0
7622,0,12345.0
7623,0,12345.0
7624,1,12345.0
7625,2,12345.0
7626,3,12345.0
7627,3,12345.0
7628,2,12345.0
7629,2,12345.0
7630,3,12345.0
7631,3,12345.0
7632,1,12345.0
7633,2,12345.0
7634,1,12345.0
7635,2,12345.0
7636,0,12345.0
7637,1,12345.0
7638,1,12345.0
7639,3,12345.0
7640,2,12345.0
7641,3,12345.0
7642,2,12345.0
7643,1,12345.0
7644,1,12345.0
7645,3,12345.0
7646,1,12345.0
7647,1,12345.0
7648,2,12345.0
7649,0,12345.0
7650,3,12345.0
7651,0,12345.0
7652,1,12345.0
7653,3,12345.0
7654,1,12345.0
7655,0,12345.0
7656,2,12345.0
7657,1,12345.0
7658,3,12345.0
7659,2,12345.0
7660,2,12345.0
7661,3,12345.0
7662,0,12345.0
7663,1,12345.0
7664,1,12345.0
7665,1,12345.0
7666,1,12345.0
7667,1,12345.0
7668,1,12345.0
7669,1,12345.0
7670,0,12345.0
7671,0,12345.0
7672,0,12345.0
7673,0,12345.0
7674,3,12345.0
7675,1,12345.0
7676,0,12345.0
7677,1,12345.0
7678,3,12345.0
7679,1,12345.0
7680,1,12345.0
7681,3,12345.0
7682,0,12345.0
7683,2,12345.0
7684,2,12345.0
7685,1,12345.0
7686,1,12345.0
7687,1,12345.0
7688,2,12345.0
7689,0,12345.0
7690,1,12345.0
7691,3,12345.0
7692,1,12345.0
7693,2,12345.0
7694,2,12345.0
7695,2,12345.0
7696,0,12345.0
7697,1,12345.0
7698,2,12345.0
7699,2,12345.0
7700,1,12345.0
7701,0,12345.0
7702,1,12345.0
7703,3,12345.0
7704,0,12345.0
7705,0,12345.0
7706,0,12345.0
7707,0,12345.0
7708,3,12345.0
7709,0,12345.0
7710,3,12345.0
7711,2,12345.0
7712,0,12345.0
7713,0,12345.0
7714,2,12345.0
7715,2,12345.0
7716,0,12345.0
7717,1,12345.0
7718,2,12345.0
7719,3,12345.0
7720,1,12345.0
7721,3,12345.0
7722,0,12345.0
7723,0,12345.0
7724,2,12345.0
7725,1,12345.0
7726,1,12345.0
7727,3,12345.0
7728,3,12345.0
7729,1,12345.0
7730,1,12345.0
7731,3,12345.0
7732,3,12345.0
7733,2,12345.0
7734,3,12345.0
7735,1,12345.0
7736,2,12345.0
7737,3,12345.0
7738,3,12345.0
7739,2,12345.0
7740,0,12345.0
7741,1,12345.0
7742,3,12345.0
7743,2,12345.0
7744,0,12345.0
7745,0,12345.0
7746,3,12345.0
7747,3,12345.0
7748,0,12345.0
7749,1,12345.0
7750,2,12345.0
7751,3,12345.0
7752,3,12345.0
7753,0,12345.0
7754,2,12345.0
7755,3,12345.0
7756,3,12345.0
7757,2,12345.0
7758,2,12345.0
7759,0,12345.0
7760,0,12345.0
7761,1,12345.0
7762,2,12345.0
7763,3,12345.0
7764,2,12345.0
7765,1,12345.0
7766,0,12345.0
7767,2,12345.0
7768,2,12345.0
7769,0,12345.0
7770,3,12345.0
7771,0,12345.0
7772,1,12345.0
7773,0,12345.0
7774,3,12345.0
7775,2,12345.0
7776,1,12345.0
7777,0,12345.0
7778,1,12345.0
7779,3,12345.0
7780,0,12345.0
7781,2,12345.0
7782,0,12345.0
7783,3,12345.0
7784,1,12345.0
7785,2,12345.0
7786,3,12345.0
7787,3,12345.0
7788,3,12345.0
7789,2,12345.0
7790,1,12345.0
7791,0,12345.0
7792,0,12345.0
7793,1,12345.0
7794,3,12345.0
7795,3,12345.0
7796,2,12345.0
7797,3,12345.0
7798,0,12345.0
7799,2,12345.0
7800,0,12345.0
7801,2,12345.0
7802,0,12345.0
7803,3,12345.0
7804,1,12345.0
7805,2,12345.0
7806,3,12345.0
7807,3,12345.0
7808,1,12345.0
7809,2,12345.0
7810,0,12345.0
7811,1,12345.0
7812,3,12345.0
7813,1,12345.0
7814,0,12345.0
7815,2,12345.0
7816,3,12345.0
7817,3,12345.0
7818,0,12345.0
7819,0,12345.0
7820,1,12345.0
7821,3,12345.0
7822,0,12345.0
7823,1,12345.0
7824,1,12345.0
7825,0,12345.0
7826,3,12345.0
7827,2,12345.0
7828,1,12345.0
7829,2,12345.0
7830,1,12345.0
7831,3,12345.0
7832,1,12345.0
7833,0,12345.0
7834,0,12345.0
7835,2,12345.0
7836,1,12345.0
7837,2,12345.0
7838,1,12345.0
7839,2,12345.0
7840,0,12345.0
7841,1,12345.0
7842,3,12345.0
7843,2,12345.0
7844,2,12345.0
7845,2,12345.0
7846,0,12345.0
7847,3,12345.0
7848,2,12345.0
7849,0,12345.0
7850,0,12345.0
7851,3,12345.0
7852,1,12345.0
7853,1,12345.0
7854,3,12345.0
7855,2,12345.0
7856,1,12345.0
7857,0,12345.0
7858,2,12345.0
7859,2,12345.0
7860,1,12345.0
7861,2,12345.0
7862,2,12345.0
7863,3,12345.0
7864,2,12345.0
7865,2,12345.0
7866,1,12345.0
7867,3,12345.0
7868,2,12345.0
7869,2,12345.0
7870,1,12345.0
7871,0,12345.0
7872,1,12345.0
7873,1,12345.0
7874,3,12345.0
7875,2,12345.0
7876,0,12345.0
7877,3,12345.0
7878,2,12345.0
7879,1,12345.0
7880,1,12345.0
7881,2,12345.0
7882,2,12345.0
7883,1,12345.0
7884,1,12345.0
7885,1,12345.0
7886,0,12345.0
7887,1,12345.0
7888,1,12345.0
7889,0,12345.0
7890,2,12345.0
7891,3,12345.0
7892,0,12345.0
7893,1,12345.0
7894,0,12345.0
7895,1,12345.0
7896,3,12345.0
7897,3,12345.0
7898,0,12345.0
7899,2,12345.0
7900,0,12345.0
7901,3,12345.0
7902,1,12345.0
7903,2,12345.0
7904,3,12345.0
7905,2,12345.0
7906,1,12345.0
7907,2,12345.0
7908,1,12345.0
7909,0,12345.0
7910,3,12345.0
7911,1,12345.0
7912,0,12345.0
7913,3,12345.0
7914,0,12345.0
7915,1,12345.0
7916,0,12345.0
7917,1,12345.0
7918,3,12345.0
7919,1,12345.0
7920,0,12345.0
7921,2,12345.0
7922,0,12345.0
7923,0,12345.0
7924,0,12345.0
7925,2,12345.0
7926,1,12345.0
7927,2,12345.0
7928,3,12345.0
7929,1,12345.0
7930,0,12345.0
7931,3,12345.0
7932,1,12345.0
7933,2,12345.0
7934,2,12345.0
7935,3,12345.0
7936,0,12345.0
7937,3,12345.0
7938,0,12345.0
7939,1,12345.0
7940,0,12345.0
7941,2,12345.0
7942,1,12345.0
7943,3,12345.0
7944,1,12345.0
7945,1,12345.0
7946,0,12345.0
7947,0,12345.0
7948,0,12345.0
7949,1,12345.0
7950,2,12345.0
7951,1,12345.0
7952,2,12345.0
7953,3,12345.0
7954,0,12345.0
7955,0,12345.0
7956,3,12345.0
7957,1,12345.0
7958,3,12345.0
7959,0,12345.0
7960,2,12345.0
7961,3,12345.0
7962,3,12345.0
7963,0,12345.0
7964,1,12345.0
7965,2,12345.0
7966,0,12345.0
7967,2,12345.0
7968,2,12345.0
7969,1,12345.0
7970,0,12345.0
7971,3,12345.0
7972,1,12345.0
7973,3,12345.0
7974,0,12345.0
7975,1,12345.0
7976,0,12345.0
7977,0,12345.0
7978,2,12345.0
7979,1,12345.0
7980,0,12345.0
7981,3,12345.0
7982,3,12345.0
7983,3,12345.0
7984,1,12345.0
7985,2,12345.0
7986,2,12345.0
7987,1,12345.0
7988,2,12345.0
7989,3,12345.0
7990,3,12345.0
7991,0,12345.0
7992,0,12345.0
7993,0,12345.0
7994,0,12345.0
7995,1,12345.0
7996,1,12345.0
7997,1,12345.0
7998,1,12345.0
7999,2,12345.0
8000,0,12345.0
8001,1,12345.0
8002,3,12345.0
8003,0,12345.0
8004,0,12345.0
8005,1,12345.0
8006,0,12345.0
8007,1,12345.0
8008,3,12345.0
8009,2,12345.0
8010,1,12345.0
8011,1,12345.0
8012,1,12345.0
8013,0,12345.0
8014,0,12345.0
8015,2,12345.0
8016,0,12345.0
8017,0,12345.0
8018,1,12345.0
8019,1,12345.0
8020,2,12345.0
8021,2,12345.0
8022,2,12345.0
8023,0,12345.0
8024,1,12345.0
8025,2,12345.0
8026,3,12345.0
8027,3,12345.0
8028,3,12345.0
8029,3,12345.0
8030,3,12345.0
8031,2,12345.0
8032,0,12345.0
8033,1,12345.0
8034,0,12345.0
8035,0,12345.0
8036,2,12345.0
8037,2,12345.0
8038,3,12345.0
8039,1,12345.0
8040,3,12345.0
8041,0,12345.0
8042,1,12345.0
8043,3,12345.0
8044,2,12345.0
8045,1,12345.0
8046,1,12345.0
8047,3,12345.0
8048,1,12345.0
8049,3,12345.0
8050,2,12345.0
8051,3,12345.0
8052,0,12345.0
8053,1,12345.0
8054,3,12345.0
8055,1,12345.0
8056,2,12345.0
8057,1,12345.0
8058,1,12345.0
8059,3,12345.0
8060,1,12345.0
8061,1,12345.0
8062,3,12345.0
8063,0,12345.0
8064,3,12345.0
8065,0,12345.0
8066,3,12345.0
8067,0,12345.0
8068,3,12345.0
8069,2,12345.0
8070,0,12345.0
8071,0,12345.0
8072,0,12345.0
8073,0,12345.0
8074,2,12345.0
8075,3,12345.0
8076,0,12345.0
8077,0,12345.0
8078,2,12345.0
8079,2,12345.0
8080,2,12345.0
8081,3,12345.0
8082,3,12345.0
8083,3,12345.0
8084,2,12345.0
8085,1,12345.0
8086,0,12345.0
8087,0,12345.0
8088,3,12345.0
8089,0,12345.0
8090,3,12345.0
8091,3,12345.0
8092,1,12345.0
8093,3,12345.0
8094,2,12345.0
8095,2,12345.0
8096,2,12345.0
8097,3,12345.0
8098,3,12345.0
8099,1,12345.0
8100,0,12345.0
8101,2,12345.0
8102,3,12345.0
8103,3,12345.0
8104,3,12345.0
8105,3,12345.0
8106,3,12345.0
8107,2,12345.0
8108,3,12345.0
8109,0,12345.0
8110,2,12345.0
8111,2,12345.0
8112,2,12345.0
8113,2,12345.0
8114,0,12345.0
8115,1,12345.0
8116,3,12345.0
8117,1,12345.0
8118,3,12345.0
8119,1,12345.0
8120,2,12345.0
8121,0,12345.0
8122,0,12345.0
8123,2,12345.0
8124,2,12345.0
8125,3,12345.0
8126,3,12345.0
8127,3,12345.0
8128,0,12345.0
8129,0,12345.0
8130,3,12345.0
8131,3,12345.0
8132,2,12345.0
8133,1,12345.0
8134,2,12345.0
8135,1,12345.0
8136,2,12345.0
8137,0,12345.0
8138,3,12345.0
8139,1,12345.0
8140,1,12345.0
8141,2,12345.0
8142,2,12345.0
8143,3,12345.0
8144,1,12345.0
8145,1,12345.0
8146,2,12345.0
8147,3,12345.0
8148,2,12345.0
8149,2,12345.0
8150,1,12345.0
8151,2,12345.0
8152,0,12345.0
8153,1,12345.0
8154,1,12345.0
8155,1,12345.0
8156,0,12345.0
8157,1,12345.0
8158,0,12345.0
8159,0,12345.0
8160,0,12345.0
8161,0,12345.0
8162,2,12345.0
8163,1,12345.0
8164,2,12345.0
8165,3,12345.0
8166,2,12345.0
8167,0,12345.0
8168,2,12345.0
8169,1,12345.0
8170,1,12345.0
8171,2,12345.0
8172,2,12345.0
8173,2,12345.0
8174,3,12345.0
8175,0,12345.0
8176,0,12345.0
8177,1,12345.0
8178,1,12345.0
8179,0,12345.0
8180,3,12345.0
8181,1,12345.0
8182,0,12345.0
8183,3,12345.0
8184,2,12345.0
8185,1,12345.0
8186,2,12345.0
8187,1,12345.0
8188,2,12345.0
8189,1,12345.0
8190,3,12345.0
8191,0,12345.0
8192,2,12345.0
8193,3,12345.0
8194,0,12345.0
8195,0,12345.0
8196,3,12345.0
8197,2,12345.0
8198,0,12345.0
8199,2,12345.0
8200,2,12345.0
8201,3,12345.0
8202,3,12345.0
8203,3,12345.0
8204,1,12345.0
8205,0,12345.0
8206,3,12345.0
8207,1,12345.0
8208,0,12345.0
8209,1,12345.0
8210,2,12345.0
8211,0,12345.0
8212,3,12345.0
8213,1,12345.0
8214,3,12345.0
8215,1,12345.0
8216,2,12345.0
8217,2,12345.0
8218,2,12345.0
8219,0,12345.0
8220,1,12345.0
8221,1,12345.0
8222,0,12345.0
8223,3,12345.0
8224,1,12345.0
8225,3,12345.0
8226,0,12345.0
8227,1,12345.0
8228,3,12345.0
8229,3,12345.0
8230,2,12345.0
8231,3,12345.0
8232,3,12345.0
8233,0,12345.0
8234,1,12345.0
8235,2,12345.0
8236,2,12345.0
8237,3,12345.0
8238,2,12345.0
8239,1,12345.0
8240,2,12345.0
8241,3,12345.0
8242,3,12345.0
8243,0,12345.0
8244,0,12345.0
8245,1,12345.0
8246,2,12345.0
8247,3,12345.0
8248,0,12345.0
8249,2,12345.0
8250,3,12345.0
8251,0,12345.0
8252,1,12345.0
8253,3,12345.0
8254,3,12345.0
8255,3,12345.0
8256,0,12345.0
8257,1,12345.0
8258,2,12345.0
8259,2,12345.0
8260,3,12345.0
8261,3,12345.0
8262,3,12345.0
8263,1,12345.0
8264,2,12345.0
8265,2,12345.0
8266,2,12345.0
8267,2,12345.0
8268,2,12345.0
8269,3,12345.0
8270,1,12345.0
8271,3,12345.0
8272,2,12345.0
8273,1,12345.0
8274,1,12345.0
8275,0,12345.0
8276,3,12345.0
8277,2,12345.0
8278,2,12345.0
8279,1,12345.0
8280,0,12345.0
8281,1,12345.0
8282,1,12345.0
8283,2,12345.0
8284,0,12345.0
8285,1,12345.0
8286,2,12345.0
8287,0,12345.0
8288,1,12345.0
8289,3,12345.0
8290,0,12345.0
8291,1,12345.0
8292,1,12345.0
8293,3,12345.0
8294,0,12345.0
8295,2,12345.0
8296,0,12345.0
8297,0,12345.0
8298,1,12345.0
8299,0,12345.0
8300,2,12345.0
8301,3,12345.0
8302,3,12345.0
8303,1,12345.0
8304,1,12345.0
8305,0,12345.0
8306,1,12345.0
8307,0,12345.0
8308,0,12345.0
8309,1,12345.0
8310,2,12345.0
8311,1,12345.0
8312,0,12345.0
8313,1,12345.0
8314,1,12345.0
8315,3,12345.0
8316,1,12345.0
8317,1,12345.0
8318,1,12345.0
8319,1,12345.0
8320,3,12345.0
8321,2,12345.0
8322,2,12345.0
8323,3,12345.0
8324,0,12345.0
8325,3,12345.0
8326,0,12345.0
8327,3,12345.0
8328,0,12345.0
8329,2,12345.0
8330,3,12345.0
8331,2,12345.0
8332,1,12345.0
8333,1,12345.0
8334,0,12345.0
8335,1,12345.0
8336,1,12345.0
8337,3,12345.0
8338,1,12345.0
8339,3,12345.0
8340,2,12345.0
8341,0,12345.0
8342,1,12345.0
8343,3,12345.0
8344,3,12345.0
8345,3,12345.0
8346,0,12345.0
8347,1,12345.0
8348,2,12345.0
8349,2,12345.0
8350,2,12345.0
8351,2,12345.0
8352,3,12345.0
8353,3,12345.0
8354,2,12345.0
8355,0,12345.0
8356,0,12345.0
8357,0,12345.0
8358,0,12345.0
8359,3,12345.0
8360,3,12345.0
8361,0,12345.0
8362,0,12345.0
8363,2,12345.0
8364,1,12345.0
8365,3,12345.0
8366,2,12345.0
8367,3,12345.0
8368,0,12345.0
8369,3,12345.0
8370,1,12345.0
8371,1,12345.0
8372,0,12345.0
8373,3,12345.0
8374,2,12345.0
8375,0,12345.0
8376,1,12345.0
8377,0,12345.0
8378,0,12345.0
8379,2,12345.0
8380,3,12345.0
8381,1,12345.0
8382,1,12345.0
8383,0,12345.0
8384,1,12345.0
8385,0,12345.0
8386,3,12345.0
8387,1,12345.0
8388,3,12345.0
8389,1,12345.0
8390,1,12345.0
8391,2,12345.0
8392,2,12345.0
8393,2,12345.0
8394,0,12345.0
8395,1,12345.0
8396,3,12345.0
8397,1,12345.0
8398,1,12345.0
8399,0,12345.0
8400,3,12345.0
8401,2,12345.0
8402,1,12345.0
8403,2,12345.0
8404,2,12345.0
8405,1,12345.0
8406,3,12345.0
8407,3,12345.0
8408,1,12345.0
8409,0,12345.0
8410,3,12345.0
8411,1,12345.0
8412,3,12345.0
8413,2,12345.0
8414,0,12345.0
8415,0,12345.0
8416,1,12345.0
8417,0,12345.0
8418,2,12345.0
8419,1,12345.0
8420,3,12345.0
8421,3,12345.0
8422,1,12345.0
8423,1,12345.0
8424,1,12345.0
8425,0,12345.0
8426,2,12345.0
8427,1,12345.0
8428,0,12345.0
8429,3,12345.0
8430,3,12345.0
8431,2,12345.0
8432,0,12345.0
8433,3,12345.0
8434,1,12345.0
8435,0,12345.0
8436,3,12345.0
8437,1,12345.0
8438,3,12345.0
8439,3,12345.0
8440,0,12345.0
8441,2,12345.0
8442,3,12345.0
8443,1,12345.0
8444,3,12345.0
8445,2,12345.0
8446,2,12345.0
8447,3,12345.0
8448,0,12345.0
8449,0,12345.0
8450,2,12345.0
8451,1,12345.0
8452,1,12345.0
8453,2,12345.0
8454,0,12345.0
8455,0,12345.0
8456,1,12345.0
8457,1,12345.0
8458,1,12345.0
8459,3,12345.0
8460,0,12345.0
8461,3,12345.0
8462,3,12345.0
8463,1,12345.0
8464,2,12345.0
8465,3,12345.0
8466,3,12345.0
8467,2,12345.0
8468,2,12345.0
8469,2,12345.0
8470,3,12345.0
8471,3,12345.0
8472,0,12345.0
8473,3,12345.0
8474,2,12345.0
8475,3,12345.0
8476,1,12345.0
8477,0,12345.0
8478,2,12345.0
8479,3,12345.0
8480,0,12345.0
8481,2,12345.0
8482,3,12345.0
8483,1,12345.0
8484,3,12345.0
8485,1,12345.0
8486,2,12345.0
8487,3,12345.0
8488,1,12345.0
8489,1,12345.0
8490,1,12345.0
8491,0,12345.0
8492,0,12345.0
8493,0,12345.0
8494,3,12345.0
8495,1,12345.0
8496,2,12345.0
8497,2,12345.0
8498,3,12345.0
8499,1,12345.0
8500,2,12345.0
8501,3,12345.0
8502,3,12345.0
8503,2,12345.0
8504,2,12345.0
8505,1,12345.0
8506,3,12345.0
8507,2,12345.0
8508,2,12345.0
8509,2,12345.0
8510,3,12345.0
8511,3,12345.0
8512,3,12345.0
8513,3,12345.0
8514,1,12345.0
8515,2,12345.0
8516,2,12345.0
8517,0,12345.0
8518,3,12345.0
8519,1,12345.0
8520,1,12345.0
8521,2,12345.0
8522,2,12345.0
8523,0,12345.0
8524,3,12345.0
8525,2,12345.0
8526,3,12345.0
8527,0,12345.0
8528,1,12345.0
8529,2,12345.0
8530,0,12345.0
8531,3,12345.0
8532,2,12345.0
8533,1,12345.0
8534,1,12345.0
8535,1,12345.0
8536,0,12345.0
8537,2,12345.0
8538,1,12345.0
8539,3,12345.0
8540,2,12345.0
8541,3,12345.0
8542,2,12345.0
8543,0,12345.0
8544,0,12345.0
8545,0,12345.0
8546,2,12345.0
8547,1,12345.0
8548,0,12345.0
8549,0,12345.0
8550,0,12345.0
8551,2,12345.0
8552,3,12345.0
8553,0,12345.0
8554,0,12345.0
8555,1,12345.0
8556,1,12345.0
8557,0,12345.0
8558,3,12345.0
8559,2,12345.0
8560,2,12345.0
8561,2,12345.0
8562,2,12345.0
8563,1,12345.0
8564,2,12345.0
8565,1,12345.0
8566,3,12345.0
8567,2,12345.0
8568,2,12345.0
8569,1,12345.0
8570,2,12345.0
8571,2,12345.0
8572,0,12345.0
8573,2,12345.0
8574,1,12345.0
8575,2,12345.0
8576,0,12345.0
8577,1,12345.0
8578,0,12345.0
8579,1,12345.0
8580,1,12345.0
8581,0,12345.0
8582,0,12345.0
8583,2,12345.0
8584,1,12345.0
8585,1,12345.0
8586,2,12345.0
8587,1,12345.0
8588,3,12345.0
8589,3,12345.0
8590,1,12345.0
8591,2,12345.0
8592,0,12345.0
8593,1,12345.0
8594,2,12345.0
8595,0,12345.0
8596,0,12345.0
8597,1,12345.0
8598,1,12345.0
8599,2,12345.0
8600,3,12345.0
8601,0,12345.0
8602,3,12345.0
8603,0,12345.0
8604,2,12345.0
8605,2,12345.0
8606,1,12345.0
8607,1,12345.0
8608,0,12345.0
8609,3,12345.0
8610,2,12345.0
8611,3,12345.0
8612,0,12345.0
8613,2,12345.0
8614,1,12345.0
8615,3,12345.0
8616,3,12345.0
8617,3,12345.0
8618,0,12345.0
8619,1,12345.0
8620,1,12345.0
8621,2,12345.0
8622,3,12345.0
8623,3,12345.0
8624,2,12345.0
8625,1,12345.0
8626,0,12345.0
8627,1,12345.0
8628,2,12345.0
8629,2,12345.0
8630,1,12345.0
8631,0,12345.0
8632,3,12345.0
8633,2,12345.0
8634,0,12345.0
8635,0,12345.0
8636,0,12345.0
8637,3,12345.0
8638,3,12345.0
8639,1,12345.0
8640,1,12345.0
8641,3,12345.0
8642,1,12345.0
8643,0,12345.0
8644,3,12345.0
8645,2,12345.0
8646,2,12345.0
8647,2,12345.0
8648,1,12345.0
8649,0,12345.0
8650,1,12345.0
8651,3,12345.0
8652,2,12345.0
8653,2,12345.0
8654,1,12345.0
8655,0,12345.0
8656,2,12345.0
8657,3,12345.0
8658,1,12345.0
8659,1,12345.0
8660,0,12345.0
8661,0,12345.0
8662,2,12345.0
8663,3,12345.0
8664,2,12345.0
8665,3,12345.0
8666,1,12345.0
8667,0,12345.0
8668,0,12345.0
8669,1,12345.0
8670,0,12345.0
8671,3,12345.0
8672,1,12345.0
8673,2,12345.0
8674,1,12345.0
8675,0,12345.0
8676,2,12345.0
8677,0,12345.0
8678,1,12345.0
8679,1,12345.0
8680,3,12345.0
8681,3,12345.0
8682,2,12345.0
8683,0,12345.0
8684,0,12345.0
8685,2,12345.0
8686,0,12345.0
8687,1,12345.0
8688,2,12345.0
8689,1,12345.0
8690,2,12345.0
8691,3,12345.0
8692,0,12345.0
8693,2,12345.0
8694,1,12345.0
8695,1,12345.0
8696,3,12345.0
8697,0,12345.0
8698,1,12345.0
8699,0,12345.0
8700,1,12345.0
8701,1,12345.0
8702,1,12345.0
8703,2,12345.0
8704,3,12345.0
8705,2,12345.0
8706,0,12345.0
8707,1,12345.0
8708,3,12345.0
8709,3,12345.0
8710,2,12345.0
8711,3,12345.0
8712,0,12345.0
8713,0,12345.0
8714,0,12345.0
8715,2,12345.0
8716,0,12345.0
8717,3,12345.0
8718,0,12345.0
8719,1,12345.0
8720,2,12345.0
8721,1,12345.0
8722,1,12345.0
8723,0,12345.0
8724,0,12345.0
8725,3,12345.0
8726,3,12345.0
8727,1,12345.0
8728,1,12345.0
8729,1,12345.0
8730,2,12345.0
8731,3,12345.0
8732,2,12345.0
8733,2,12345.0
8734,0,12345.0
8735,3,12345.0
8736,1,12345.0
8737,0,12345.0
8738,1,12345.0
8739,3,12345.0
8740,0,12345.0
8741,0,12345.0
8742,2,12345.0
8743,2,12345.0
8744,3,12345.0
8745,3,12345.0
8746,3,12345.0
8747,2,12345.0
8748,1,12345.0
8749,3,12345.0
8750,0,12345.0
8751,0,12345.0
8752,0,12345.0
8753,0,12345.0
8754,2,12345.0
8755,1,12345.0
8756,3,12345.0
8757,1,12345.0
8758,0,12345.0
8759,2,12345.0
8760,3,12345.0
8761,3,12345.0
8762,1,12345.0
8763,3,12345.0
8764,1,12345.0
8765,2,12345.0
8766,0,12345.0
8767,1,12345.0
8768,1,12345.0
8769,3,12345.0
8770,2,12345.0
8771,0,12345.0
8772,1,12345.0
8773,2,12345.0
8774,3,12345.0
8775,0,12345.0
8776,2,12345.0
8777,1,12345.0
8778,1,12345.0
8779,2,12345.0
8780,0,12345.0
8781,0,12345.0
8782,2,12345.0
8783,2,12345.0
8784,2,12345.0
8785,3,12345.0
8786,1,12345.0
8787,3,12345.0
8788,2,12345.0
8789,0,12345.0
8790,3,12345.0
8791,1,12345.0
8792,1,12345.0
8793,2,12345.0
8794,3,12345.0
8795,3,12345.0
8796,1,12345.0
8797,1,12345.0
8798,1,12345.0
8799,2,12345.0
8800,2,12345.0
8801,1,12345.0
8802,0,12345.0
8803,3,12345.0
8804,2,12345.0
8805,0,12345.0
8806,1,12345.0
8807,2,12345.0
8808,0,12345.0
8809,1,12345.0
8810,1,12345.0
8811,0,12345.0
8812,1,12345.0
8813,3,12345.0
8814,3,12345.0
8815,1,12345.0
8816,3,12345.0
8817,1,12345.0
8818,0,12345.0
8819,2,12345.0
8820,1,12345.0
8821,1,12345.0
8822,3,12345.0
8823,0,12345.0
8824,2,12345.0
8825,0,12345.0
8826,2,12345.0
8827,0,12345.0
8828,3,12345.0
8829,0,12345.0
8830,1,12345.0
8831,0,12345.0
8832,3,12345.0
8833,0,12345.0
8834,1,12345.0
8835,2,12345.0
8836,0,12345.0
8837,2,12345.0
8838,2,12345.0
8839,0,12345.0
8840,1,12345.0
8841,0,12345.0
8842,0,12345.0
8843,1,12345.0
8844,1,12345.0
8845,2,12345.0
8846,0,12345.0
8847,2,12345.0
8848,3,12345.0
8849,2,12345.0
8850,2,12345.0
8851,1,12345.0
8852,0,12345.0
8853,3,12345.0
8854,3,12345.0
8855,0,12345.0
8856,1,12345.0
8857,0,12345.0
8858,1,12345.0
8859,3,12345.0
8860,1,12345.0
8861,3,12345.0
8862,3,12345.0
8863,2,12345.0
8864,2,12345.0
8865,1,12345.0
8866,2,12345.0
8867,0,12345.0
8868,1,12345.0
8869,2,12345.0
8870,3,12345.0
8871,2,12345.0
8872,3,12345.0
8873,2,12345.0
8874,3,12345.0
8875,0,12345.0
8876,0,12345.0
8877,2,12345.0
8878,3,12345.0
8879,2,12345.0
8880,0,12345.0
8881,1,12345.0
8882,2,12345.0
8883,2,12345.0
8884,3,12345.0
8885,1,12345.0
8886,0,12345.0
8887,1,12345.0
8888,3,12345.0
8889,3,12345.0
8890,3,12345.0
8891,0,12345.0
8892,1,12345.0
8893,0,12345.0
8894,3,12345.0
8895,2,12345.0
8896,3,12345.0
8897,2,12345.0
8898,3,12345.0
8899,2,12345.0
8900,2,12345.0
8901,1,12345.0
8902,0,12345.0
8903,2,12345.0
8904,1,12345.0
8905,0,12345.0
8906,3,12345.0
8907,3,12345.0
8908,0,12345.0
8909,1,12345.0
8910,1,12345.0
8911,1,12345.0
8912,3,12345.0
8913,2,12345.0
8914,1,12345.0
8915,2,12345.0
8916,1,12345.0
8917,2,12345.0
8918,0,12345.0
8919,2,12345.0
8920,2,12345.0
8921,1,12345.0
8922,1,12345.0
8923,0,12345.0
8924,1,12345.0
8925,3,12345.0
8926,0,12345.0
8927,1,12345.0
8928,3,12345.0
8929,3,12345.0
8930,3,12345.0
8931,2,12345.0
8932,0,12345.0
8933,3,12345.0
8934,2,12345.0
8935,1,12345.0
8936,0,12345.0
8937,1,12345.0
8938,3,12345.0
8939,0,12345.0
8940,3,12345.0
8941,0,12345.0
8942,3,12345.0
8943,0,12345.0
8944,1,12345.0
8945,3,12345.0
8946,1,12345.0
8947,1,12345.0
8948,2,12345.0
8949,1,12345.0
8950,3,12345.0
8951,1,12345.0
8952,2,12345.0
8953,1,12345.0
8954,1,12345.0
8955,0,12345.0
8956,1,12345.0
8957,2,12345.0
8958,2,12345.0
8959,2,12345.0
8960,0,12345.0
8961,0,12345.0
8962,1,12345.0
8963,2,12345.0
8964,3,12345.0
8965,0,12345.0
8966,0,12345.0
8967,0,12345.0
8968,0,12345.0
8969,1,12345.0
8970,0,12345.0
8971,1,12345.0
8972,1,12345.0
8973,2,12345.0
8974,2,12345.0
8975,2,12345.0
8976,2,12345.0
8977,2,12345.0
8978,2,12345.0
8979,1,12345.0
8980,3,12345.0
8981,2,12345.0
8982,3,12345.0
8983,2,12345.0
8984,0,12345.0
8985,0,12345.0
8986,1,12345.0
8987,1,12345.0
8988,3,12345.0
8989,2,12345.0
8990,0,12345.0
8991,2,12345.0
8992,1,12345.0
8993,2,12345.0
8994,3,12345.0
8995,2,12345.0
8996,2,12345.0
8997,3,12345.0
8998,3,12345.0
8999,1,12345.0
9000,3,12345.0
9001,2,12345.0
9002,1,12345.0
9003,2,12345.0
9004,0,12345.0
9005,2,12345.0
9006,1,12345.0
9007,3,12345.0
9008,3,12345.0
9009,1,12345.0
9010,1,12345.0
9011,0,12345.0
9012,2,12345.0
9013,1,12345.0
9014,2,12345.0
9015,1,12345.0
9016,1,12345.0
9017,3,12345.0
9018,1,12345.0
9019,0,12345.0
9020,3,12345.0
9021,1,12345.0
9022,2,12345.0
9023,2,12345.0
9024,1,12345.0
9025,0,12345.0
9026,2,12345.0
9027,0,12345.0
9028,1,12345.0
9029,2,12345.0
9030,2,12345.0
9031,0,12345.0
9032,2,12345.0
9033,3,12345.0
9034,2,12345.0
9035,1,12345.0
9036,2,12345.0
9037,2,12345.0
9038,2,12345.0
9039,0,12345.0
9040,2,12345.0
9041,0,12345.0
9042,0,12345.0
9043,2,12345.0
9044,0,12345.0
9045,2,12345.0
9046,2,12345.0
9047,1,12345.0
9048,2,12345.0
9049,3,12345.0
9050,2,12345.0
9051,0,12345.0
9052,3,12345.0
9053,3,12345.0
9054,1,12345.0
9055,2,12345.0
9056,2,12345.0
9057,0,12345.0
9058,1,12345.0
9059,3,12345.0
9060,0,12345.0
9061,1,12345.0
9062,1,12345.0
9063,1,12345.0
9064,3,12345.0
9065,0,12345.0
9066,2,12345.0
9067,2,12345.0
9068,1,12345.0
9069,2,12345.0
9070,3,12345.0
9071,0,12345.0
9072,2,12345.0
9073,2,12345.0
9074,3,12345.0
9075,2,12345.0
9076,1,12345.0
9077,2,12345.0
9078,2,12345.0
9079,0,12345.0
9080,2,12345.0
9081,0,12345.0
9082,3,12345.0
9083,0,12345.0
9084,2,12345.0
9085,1,12345.0
9086,0,12345.0
9087,0,12345.0
9088,0,12345.0
9089,2,12345.0
9090,1,12345.0
9091,0,12345.0
9092,3,12345.0
9093,0,12345.0
9094,1,12345.0
9095,3,12345.0
9096,2,12345.0
9097,1,12345.0
9098,1,12345.0
9099,3,12345.0
9100,2,12345.0
9101,2,12345.0
9102,2,12345.0
9103,0,12345.0
9104,1,12345.0
9105,2,12345.0
9106,3,12345.0
9107,0,12345.0
9108,2,12345.0
9109,2,12345.0
9110,2,12345.0
9111,3,12345.0
9112,3,12345.0
9113,2,12345.0
9114,2,12345.0
9115,1,12345.0
9116,1,12345.0
9117,0,12345.0
9118,2,12345.0
9119,1,12345.0
9120,2,12345.0
9121,2,12345.0
9122,2,12345.0
9123,2,12345.0
9124,3,12345.0
9125,3,12345.0
9126,3,12345.0
9127,3,12345.0
9128,3,12345.0
9129,1,12345.0
9130,1,12345.0
9131,2,12345.0
9132,3,12345.0
9133,3,12345.0
9134,0,12345.0
9135,3,12345.0
9136,2,12345.0
9137,2,12345.0
9138,1,12345.0
9139,0,12345.0
9140,1,12345.0
9141,3,12345.0
9142,2,12345.0
9143,0,12345.0
9144,3,12345.0
9145,1,12345.0
9146,1,12345.0
9147,0,12345.0
9148,1,12345.0
9149,2,12345.0
9150,1,12345.0
9151,3,12345.0
9152,3,12345.0
9153,0,12345.0
9154,1,12345.0
9155,2,12345.0
9156,1,12345.0
9157,1,12345.0
9158,1,12345.0
9159,0,12345.0
9160,0,12345.0
9161,1,12345.0
9162,1,12345.0
9163,0,12345.0
9164,2,12345.0
9165,3,12345.0
9166,2,12345.0
9167,0,12345.0
9168,2,12345.0
9169,3,12345.0
9170,0,12345.0
9171,3,12345.0
9172,1,12345.0
9173,3,12345.0
9174,2,12345.0
9175,3,12345.0
9176,0,12345.0
9177,2,12345.0
9178,3,12345.0
9179,2,12345.0
9180,0,12345.0
9181,3,12345.0
9182,1,12345.0
9183,2,12345.0
9184,3,12345.0
9185,3,12345.0
9186,2,12345.0
9187,3,12345.0
9188,3,12345.0
9189,2,12345.0
9190,1,12345.0
9191,3,12345.0
9192,3,12345.0
9193,1,12345.0
9194,0,12345.0
9195,2,12345.0
9196,3,12345.0
9197,3,12345.0
9198,0,12345.0
9199,2,12345.0
9200,1,12345.0
9201,0,12345.0
9202,2,12345.0
9203,2,12345.0
9204,0,12345.0
9205,2,12345.0
9206,2,12345.0
9207,0,12345.0
9208,1,12345.0
9209,2,12345.0
9210,3,12345.0
9211,0,12345.0
9212,1,12345.0
9213,3,12345.0
9214,3,12345.0
9215,1,12345.0
9216,1,12345.0
9217,1,12345.0
9218,1,12345.0
9219,2,12345.0
9220,2,12345.0
9221,0,12345.0
9222,2,12345.0
9223,1,12345.0
9224,0,12345.0
9225,0,12345.0
9226,3,12345.0
9227,1,12345.0
9228,1,12345.0
9229,3,12345.0
9230,1,12345.0
9231,2,12345.0
9232,1,12345.0
9233,2,12345.0
9234,3,12345.0
9235,3,12345.0
9236,2,12345.0
9237,2,12345.0
9238,3,12345.0
9239,2,12345.0
9240,1,12345.0
9241,2,12345.0
9242,2,12345.0
9243,0,12345.0
9244,3,12345.0
9245,2,12345.0
9246,0,12345.0
9247,3,12345.0
9248,1,12345.0
9249,2,12345.0
9250,3,12345.0
9251,1,12345.0
9252,0,12345.0
9253,1,12345.0
9254,2,12345.0
9255,3,12345.0
9256,3,12345.0
9257,3,12345.0
9258,2,12345.0
9259,2,12345.0
9260,2,12345.0
9261,2,12345.0
9262,0,12345.0
9263,1,12345.0
9264,0,12345.0
9265,2,12345.0
9266,0,12345.0
9267,3,12345.0
9268,0,12345.0
9269,0,12345.0
9270,0,12345.0
9271,3,12345.0
9272,1,12345.0
9273,2,12345.0
9274,0,12345.0
9275,3,12345.0
9276,1,12345.0
9277,3,12345.0
9278,2,12345.0
9279,0,12345.0
9280,1,12345.0
9281,3,12345.0
9282,2,12345.0
9283,1,12345.0
9284,3,12345.0
9285,1,12345.0
9286,3,12345.0
9287,0,12345.0
9288,1,12345.0
9289,3,12345.0
9290,2,12345.0
9291,1,12345.0
9292,0,12345.0
9293,1,12345.0
9294,0,12345.0
9295,2,12345.0
9296,1,12345.0
9297,2,12345.0
9298,3,12345.0
9299,1,12345.0
9300,1,12345.0
9301,2,12345.0
9302,3,12345.0
9303,2,12345.0
9304,0,12345.0
9305,3,12345.0
9306,0,12345.0
9307,2,12345.0
9308,1,12345.0
9309,0,12345.0
9310,1,12345.0
9311,2,12345.0
9312,3,12345.0
9313,2,12345.0
9314,3,12345.0
9315,3,12345.0
9316,1,12345.0
9317,0,12345.0
9318,1,12345.0
9319,3,12345.0
9320,2,12345.0
9321,2,12345.0
9322,1,12345.0
9323,2,12345.0
9324,1,12345.0
9325,2,12345.0
9326,0,12345.0
9327,2,12345.0
9328,2,12345.0
9329,0,12345.0
9330,3,12345.0
9331,3,12345.0
9332,2,12345.0
9333,1,12345.0
9334,0,12345.0
9335,1,12345.0
9336,2,12345.0
9337,0,12345.0
9338,1,12345.0
9339,3,12345.0
9340,0,12345.0
9341,0,12345.0
9342,2,12345.0
9343,3,12345.0
9344,2,12345.0
9345,0,12345.0
9346,2,12345.0
9347,1,12345.0
9348,0,12345.0
9349,1,12345.0
9350,0,12345.0
9351,0,12345.0
9352,3,12345.0
9353,2,12345.0
9354,0,12345.0
9355,0,12345.0
9356,2,12345.0
9357,3,12345.0
9358,1,12345.0
9359,1,12345.0
9360,0,12345.0
9361,0,12345.0
9362,3,12345.0
9363,2,12345.0
9364,0,12345.0
9365,1,12345.0
9366,3,12345.0
9367,3,12345.0
9368,0,12345.0
9369,1,12345.0
9370,0,12345.0
9371,3,12345.0
9372,2,12345.0
9373,1,12345.0
9374,0,12345.0
9375,1,12345.0
9376,3,12345.0
9377,0,12345.0
9378,0,12345.0
9379,0,12345.0
9380,1,12345.0
9381,0,12345.0
9382,1,12345.0
9383,0,12345.0
9384,3,12345.0
9385,0,12345.0
9386,0,12345.0
9387,1,12345.0
9388,1,12345.0
9389,1,12345.0
9390,0,12345.0
9391,3,12345.0
9392,3,12345.0
9393,3,12345.0
9394,3,12345.0
9395,3,12345.0
9396,1,12345.0
9397,2,12345.0
9398,2,12345.0
9399,2,12345.0
9400,3,12345.0
9401,3,12345.0
9402,1,12345.0
9403,2,12345.0
9404,1,12345.0
9405,0,12345.0
9406,2,12345.0
9407,3,12345.0
9408,1,12345.0
9409,2,12345.0
9410,0,12345.0
9411,2,12345.0
9412,1,12345.0
9413,2,12345.0
9414,2,12345.0
9415,2,12345.0
9416,1,12345.0
9417,2,12345.0
9418,1,12345.0
9419,2,12345.0
9420,3,12345.0
9421,1,12345.0
9422,1,12345.0
9423,0,12345.0
9424,0,12345.0
9425,3,12345.0
9426,3,12345.0
9427,1,12345.0
9428,2,12345.0
9429,2,12345.0
9430,3,12345.0
9431,1,12345.0
9432,1,12345.0
9433,2,12345.0
9434,3,12345.0
9435,2,12345.0
9436,0,12345.0
9437,3,12345.0
9438,3,12345.0
9439,1,12345.0
9440,3,12345.0
9441,0,12345.0
9442,1,12345.0
9443,2,12345.0
9444,3,12345.0
9445,2,12345.0
9446,0,12345.0
9447,2,12345.0
9448,0,12345.0
9449,0,12345.0
9450,3,12345.0
9451,0,12345.0
9452,1,12345.0
9453,0,12345.0
9454,0,12345.0
9455,1,12345.0
9456,0,12345.0
9457,2,12345.0
9458,0,12345.0
9459,1,12345.0
9460,3,12345.0
9461,2,12345.0
9462,0,12345.0
9463,3,12345.0
9464,2,12345.0
9465,2,12345.0
9466,3,12345.0
9467,0,12345.0
9468,2,12345.0
9469,1,12345.0
9470,0,12345.0
9471,0,12345.0
9472,0,12345.0
9473,1,12345.0
9474,0,12345.0
9475,3,12345.0
9476,3,12345.0
9477,1,12345.0
9478,1,12345.0
9479,0,12345.0
9480,0,12345.0
9481,2,12345.0
9482,0,12345.0
9483,1,12345.0
9484,2,12345.0
9485,2,12345.0
9486,3,12345.0
9487,1,12345.0
9488,0,12345.0
9489,0,12345.0
9490,3,12345.0
9491,2,12345.0
9492,1,12345.0
9493,1,12345.0
9494,0,12345.0
9495,3,12345.0
9496,3,12345.0
9497,0,12345.0
9498,3,12345.0
9499,1,12345.0
9500,1,12345.0
9501,0,12345.0
9502,2,12345.0
9503,2,12345.0
9504,2,12345.0
9505,3,12345.0
9506,3,12345.0
9507,2,12345.0
9508,1,12345.0
9509,0,12345.0
9510,2,12345.0
9511,1,12345.0
9512,3,12345.0
9513,2,12345.0
9514,2,12345.0
9515,2,12345.0
9516,2,12345.0
9517,3,12345.0
9518,3,12345.0
9519,3,12345.0
9520,0,12345.0
9521,0,12345.0
9522,3,12345.0
9523,0,12345.0
9524,0,12345.0
9525,2,12345.0
9526,3,12345.0
9527,3,12345.0
9528,2,12345.0
9529,1,12345.0
9530,3,12345.0
9531,1,12345.0
9532,3,12345.0
9533,1,12345.0
9534,2,12345.0
9535,0,12345.0
9536,3,12345.0
9537,2,12345.0
9538,0,12345.0
9539,0,12345.0
9540,2,12345.0
9541,0,12345.0
9542,0,12345.0
9543,0,12345.0
9544,3,12345.0
9545,2,12345.0
9546,1,12345.0
9547,0,12345.0
9548,1,12345.0
9549,1,12345.0
9550,2,12345.0
9551,1,12345.0
9552,0,12345.0
9553,0,12345.0
9554,0,12345.0
9555,0,12345.0
9556,2,12345.0
9557,0,12345.0
9558,1,12345.0
9559,3,12345.0
9560,0,12345.0
9561,1,12345.0
9562,0,12345.0
9563,0,12345.0
9564,3,12345.0
9565,2,12345.0
9566,2,12345.0
9567,1,12345.0
9568,3,12345.0
9569,3,12345.0
9570,2,12345.0
9571,3,12345.0
9572,1,12345.0
9573,2,12345.0
9574,1,12345.0
9575,0,12345.0
9576,2,12345.0
9577,1,12345.0
9578,2,12345.0
9579,0,12345.0
9580,1,12345.0
9581,0,12345.0
9582,0,12345.0
9583,3,12345.0
9584,2,12345.0
9585,1,12345.0
9586,0,12345.0
9587,3,12345.0
9588,3,12345.0
9589,0,12345.0
9590,0,12345.0
9591,2,12345.0
9592,2,12345.0
9593,3,12345.0
9594,3,12345.0
9595,0,12345.0
9596,2,12345.0
9597,1,12345.0
9598,2,12345.0
9599,1,12345.0
9600,1,12345.0
9601,0,12345.0
9602,1,12345.0
9603,1,12345.0
9604,0,12345.0
9605,1,12345.0
9606,2,12345.0
9607,2,12345.0
9608,3,12345.0
9609,2,12345.0
9610,2,12345.0
9611,2,12345.0
9612,1,12345.0
9613,2,12345.0
9614,2,12345.0
9615,0,12345.0
9616,3,12345.0
9617,2,12345.0
9618,1,12345.0
9619,3,12345.0
9620,1,12345.0
9621,0,12345.0
9622,0,12345.0
9623,1,12345.0
9624,1,12345.0
9625,0,12345.0
9626,3,12345.0
9627,1,12345.0
9628,1,12345.0
9629,0,12345.0
9630,1,12345.0
9631,1,12345.0
9632,3,12345.0
9633,1,12345.0
9634,0,12345.0
9635,0,12345.0
9636,1,12345.0
9637,3,12345.0
9638,3,12345.0
9639,2,12345.0
9640,2,12345.0
9641,2,12345.0
9642,3,12345.0
9643,2,12345.0
9644,2,12345.0
9645,3,12345.0
9646,0,12345.0
9647,0,12345.0
9648,2,12345.0
9649,3,12345.0
9650,3,12345.0
9651,2,12345.0
9652,0,12345.0
9653,3,12345.0
9654,1,12345.0
9655,0,12345.0
9656,3,12345.0
9657,2,12345.0
9658,1,12345.0
9659,0,12345.0
9660,1,12345.0
9661,3,12345.0
9662,0,12345.0
9663,1,12345.0
9664,2,12345.0
9665,2,12345.0
9666,0,12345.0
9667,3,12345.0
9668,0,12345.0
9669,0,12345.0
9670,0,12345.0
9671,2,12345.0
9672,1,12345.0
9673,2,12345.0
9674,0,12345.0
9675,0,12345.0
9676,0,12345.0
9677,3,12345.0
9678,3,12345.0
9679,1,12345.0
9680,0,12345.0
9681,2,12345.0
9682,1,12345.0
9683,1,12345.0
9684,1,12345.0
9685,3,12345.0
9686,1,12345.0
9687,3,12345.0
9688,2,12345.0
9689,2,12345.0
9690,3,12345.0
9691,2,12345.0
9692,0,12345.0
9693,1,12345.0
9694,0,12345.0
9695,3,12345.0
9696,0,12345.0
9697,0,12345.0
9698,3,12345.0
9699,2,12345.0
9700,3,12345.0
9701,0,12345.0
9702,0,12345.0
9703,3,12345.0
9704,3,12345.0
9705,3,12345.0
9706,3,12345.0
9707,0,12345.0
9708,1,12345.0
9709,0,12345.0
9710,3,12345.0
9711,2,12345.0
9712,0,12345.0
9713,1,12345.0
9714,2,12345.0
9715,0,12345.0
9716,0,12345.0
9717,2,12345.0
9718,3,12345.0
9719,2,12345.0
9720,3,12345.0
9721,3,12345.0
9722,0,12345.0
9723,0,12345.0
9724,2,12345.0
9725,1,12345.0
9726,3,12345.0
9727,3,12345.0
9728,1,12345.0
9729,1,12345.0
9730,0,12345.0
9731,1,12345.0
9732,3,12345.0
9733,2,12345.0
9734,0,12345.0
9735,0,12345.0
9736,1,12345.0
9737,2,12345.0
9738,2,12345.0
9739,1,12345.0
9740,2,12345.0
9741,1,12345.0
9742,0,12345.0
9743,0,12345.0
9744,3,12345.0
9745,0,12345.0
9746,2,12345.0
9747,3,12345.0
9748,1,12345.0
9749,0,12345.0
9750,1,12345.0
9751,0,12345.0
9752,2,12345.0
9753,1,12345.0
9754,3,12345.0
9755,1,12345.0
9756,0,12345.0
9757,2,12345.0
9758,3,12345.0
9759,0,12345.0
9760,0,12345.0
9761,3,12345.0
9762,3,12345.0
9763,1,12345.0
9764,3,12345.0
9765,2,12345.0
9766,1,12345.0
9767,1,12345.0
9768,3,12345.0
9769,1,12345.0
9770,1,12345.0
9771,2,12345.0
9772,3,12345.0
9773,0,12345.0
9774,0,12345.0
9775,3,12345.0
9776,3,12345.0
9777,0,12345.0
9778,3,12345.0
9779,3,12345.0
9780,2,12345.0
9781,3,12345.0
9782,3,12345.0
9783,3,12345.0
9784,1,12345.0
9785,2,12345.0
9786,2,12345.0
9787,0,12345.0
9788,1,12345.0
9789,3,12345.0
9790,0,12345.0
9791,3,12345.0
9792,1,12345.0
9793,3,12345.0
9794,3,12345.0
9795,1,12345.0
9796,2,12345.0
9797,1,12345.0
9798,2,12345.0
9799,3,12345.0
9800,2,12345.0
9801,3,12345.0
9802,2,12345.0
9803,0,12345.0
9804,3,12345.0
9805,1,12345.0
9806,0,12345.0
9807,1,12345.0
9808,1,12345.0
9809,1,12345.0
9810,0,12345.0
9811,3,12345.0
9812,1,12345.0
9813,3,12345.0
9814,3,12345.0
9815,0,12345.0
9816,3,12345.0
9817,3,12345.0
9818,3,12345.0
9819,3,12345.0
9820,0,12345.0
9821,3,12345.0
9822,0,12345.0
9823,1,12345.0
9824,3,12345.0
9825,2,12345.0
9826,2,12345.0
9827,0,12345.0
9828,0,12345.0
9829,1,12345.0
9830,1,12345.0
9831,2,12345.0
9832,1,12345.0
9833,3,12345.0
9834,1,12345.0
9835,3,12345.0
9836,0,12345.0
9837,1,12345.0
9838,0,12345.0
9839,1,12345.0
9840,2,12345.0
9841,3,12345.0
9842,2,12345.0
9843,2,12345.0
9844,0,12345.0
9845,1,12345.0
9846,2,12345.0
9847,2,12345.0
9848,2,12345.0
9849,0,12345.0
9850,0,12345.0
9851,0,12345.0
9852,1,12345.0
9853,3,12345.0
9854,3,12345.0
9855,0,12345.0
9856,1,12345.0
9857,3,12345.0
9858,1,12345.0
9859,3,12345.0
9860,1,12345.0
9861,1,12345.0
9862,2,12345.0
9863,2,12345.0
9864,0,12345.0
9865,2,12345.0
9866,1,12345.0
9867,2,12345.0
9868,1,12345.0
9869,2,12345.0
9870,1,12345.0
9871,0,12345.0
9872,3,12345.0
9873,2,12345.0
9874,2,12345.0
9875,0,12345.0
9876,1,12345.0
9877,1,12345.0
9878,1,12345.0
9879,2,12345.0
9880,3,12345.0
9881,3,12345.0
9882,2,12345.0
9883,2,12345.0
9884,1,12345.0
9885,2,12345.0
9886,2,12345.0
9887,0,12345.0
9888,1,12345.0
9889,0,12345.0
9890,2,12345.0
9891,3,12345.0
9892,2,12345.0
9893,3,12345.0
9894,3,12345.0
9895,3,12345.0
9896,2,12345.0
9897,1,12345.0
9898,1,12345.0
9899,2,12345.0
9900,3,12345.0
9901,1,12345.0
9902,2,12345.0
9903,2,12345.0
9904,3,12345.0
9905,3,12345.0
9906,0,12345.0
9907,0,12345.0
9908,3,12345.0
9909,3,12345.0
9910,3,12345.0
9911,1,12345.0
9912,3,12345.0
9913,0,12345.0
9914,2,12345.0
9915,2,12345.0
9916,3,12345.0
9917,0,12345.0
9918,0,12345.0
9919,3,12345.0
9920,2,12345.0
9921,1,12345.0
9922,2,12345.0
9923,3,12345.0
9924,3,12345.0
9925,3,12345.0
9926,3,12345.0
9927,3,12345.0
9928,0,12345.0
9929,2,12345.0
9930,1,12345.0
9931,3,12345.0
9932,2,12345.0
9933,1,12345.0
9934,0,12345.0
9935,1,12345.0
9936,2,12345.0
9937,1,12345.0
9938,0,12345.0
9939,3,12345.0
9940,1,12345.0
9941,1,12345.0
9942,0,12345.0
9943,1,12345.0
9944,2,12345.0
9945,2,12345.0
9946,0,12345.0
9947,0,12345.0
9948,1,12345.0
9949,2,12345.0
9950,1,12345.0
9951,1,12345.0
9952,0,12345.0
9953,1,12345.0
9954,3,12345.0
9955,0,12345.0
9956,1,12345.0
9957,0,12345.0
9958,3,12345.0
9959,3,12345.0
9960,0,12345.0
9961,1,12345.0
9962,3,12345.0
9963,1,12345.0
9964,2,12345.0
9965,0,12345.0
9966,1,12345.0
9967,0,12345.0
9968,1,12345.0
9969,3,12345.0
9970,2,12345.0
9971,3,12345.0
9972,1,12345.0
9973,0,12345.0
9974,1,12345.0
9975,1,12345.0
9976,1,12345.0
9977,3,12345.0
9978,0,12345.0
9979,0,12345.0
9980,1,12345.0
9981,0,12345.0
9982,2,12345.0
9983,3,12345.0
9984,1,12345.0
9985,1,12345.0
9986,3,12345.0
9987,3,12345.0
9988,3,12345.0
9989,3,12345.0
9990,3,12345.0
9991,2,12345.0
9992,3,12345.0
9993,0,12345.0
9994,1,12345.0
9995,3,12345.0
9996,3,12345.0
9997,0,12345.0
9998,2,12345.0
9999,3,12345.0
